,Text,label
0,Wow.. He started investing when he was 13 years old and he also owns two homes. What in the world are we doing with our lives? Lol,0
1,This is a PRIME example of strong family values and structure in setting up your children for success.  There's a strong push for education from his family.,0
2,Smart kid. His perseverance and proactive approach to life will get him far. All the best to you Ethan!,0
3,"This is the type of guy you don't tell your Asian parents about if they like to compare others to you.
All jokes aside, wow, this guy is a great example of what hard work and delayed gratification can achieve.",0
4,It is always good to have a financial plan. I work with a professional planner and a fixed-income strategist in NY. the fixed-income portion of your portfolio won't simply serve as a buffer to the volatility of the equity portion of your portfolio but will provide legitimate income.,1
5,"College in 2 years in CS at Berkeley and a 1 year Master is the most underrated thing here, this is not easy, Iâ€™m a physician now and I donâ€™t know if I could do that.",0
6,man......this guy is an absolute genius at 22 years old.....i was knucklehead alcoholic...wish i could go back in some way. He's a perfect example of raised by good parents and strong family background. Kudos man.,0
7,"Good family support, educated, invested early, homeowner, good job. Well done, young man!",0
8,He's an bright individual. Down to earth. Makes mistakes and learns from them. Love it.,0
9,"Such a smart, accomplished young man!! Wishing him all the success in the future!",0
10,"I wasn't financial free until my 40â€™s and Iâ€™m still in my 40â€™s, bought my third house already, earn on a monthly through passive income, and got 4 out of 5 goals, just hope it encourages someone that it doesnâ€™t matter if you donâ€™t have any of them right now, you can start TODAY regardless your age INVEST and change your future! Investing in the financial market is a grand choice I made.",1
11,"At the beginning of the year, I gradually increased my stock purchases, but nothing significant. Why am I being so harsh with this? Despite the fact that others in my sector make six figures per person, I still want to be the first member in my polygamous family to earn a million dollars. I am well aware of the expenses incurred by putting in longer hours to earn more money.",1
12,"From another young tech professional to another, this is the way!
Kudos to you, man! Love to see when merit pays off. Keep the grind up :)",0
13,"To my understanding this just proves how much we need an edged as an investors because playing the market like everyone else just isnâ€™t good enough. Iâ€™ve been quite ensured about investing in this current market and at the same time I feel itâ€™s the best time to get started on the market,what are your thoughts?!",1
14,"I wish he credited his family for the knowledge of knowing about financial literacy at a young age - that is a HUGE advantage. I also advise if possible to not trade yours college years. Getting a rental property in another state and only making $200 with no mention of property taxes. While planning is good, life can have unexpected twists. Itâ€™s important to have a balance and also be present.",0
15,He has gotten a lot right at a young age.  Well done.,0
16,This guy seems to have his mind set on his goals and very organized. Keep up the good work towards the FIRE goal!,0
17,This young man is amazing. So determined and hardworking. Plan everything so well and stick with it.,0
18,One of my favorites! This is what happens when you understand that money is to be used as a tool and not served  as a master. TfsğŸ˜Š,0
19,"Losing out on college years is priceless. You can always be sound financially later on. But Berkeley isn't the most fun university so I don't blame him. Good job Ethan, you're very mature for your age.",0
20,For real ğŸ˜­,0
21,"Pay attention to what he says at 6:10, he saved up alot more by living with parents and living frugally. He was able to save 95% of his income. 
Try renting alone and you'll realize it's almost impossible to save up enough as you will spend over 50% on just rent especially in silicon valley or anywhere in oj county, the more expensive place in SoCal.",0
22,The power of education and hard work!,0
23,â€‹Â @chrisalarcon17Â he was born smart,0
24,"Something doesnâ€™t add up. His income is close to $200K and he saves $60K over two years? And he says he was saving 95% of his income? His current housing cost (main and rental) is about two thirds of his take home pay. Although his rental breaks even on the mortgage (+$200), he is not adding the cost of insurance / maintenance for the property, and if the tenant becomes delinquent, he can easily lose money. His mortgage for his main residence is also very high.
Hopefully that will go down once interest rate drops. Itâ€™s a tall order to say he â€œownsâ€ two properties when they are mostly owned by the bank. And already he wants to acquire a property every two years. My gut feeling is that he may be too aggressive with his investment strategy (crypto, using leverage etc.), and he is not making as much gains as expected with a conservative investment strategy. I am curious to see what his actual net worth is. But so far numbers donâ€™t look that great. And he wants to hit 5 million net worth in 10 years to achieve FIRE. And the mention of credit card debt is alarming if he calls himself frugal (maybe he put the AC on the credit card).",0
25,â€‹Â @MachaLatte123Â I agree 60k is not enough.,0
26,"This is assuming parents let you save your money. Knowing many east asian, Indian, pakistani, etc parents. Many expect their kid fresh out of university to start paying all the household bills. Good luck saving 5% let alone 95%. The key is selfless prideful parents who won't take a penny from their kids.",0
27,"â€‹Â @Misaka-gt5yjÂ  Key word is ""frugally"". Too many people are spending more money than what they actually make on fast food and top name brand clothing.",0
28,Â @MachaLatte123Â He said he lived with his parents initially in order to save 95% of his income and therefore allow him to make the real estate purchases.,0
29,â€‹Â @MachaLatte123Â  A little over-leveraged for having 2 properties. Google income is good but that is a job and layoff can happen anytime. It just take bad tenant or a property crash for a wipe out.,0
30,Yes itâ€™s all debt,0
31,He had parents that didnâ€™t force the â€œjust work & go homeâ€ mentality. They imposed more than just basic living,0
32,This is not uncommon in Asian community. Parents set up the rich and bright future for their kids by investing in their kids at very young age,0
33,Always someone younger and better than you ! I started investing at 27 after paying off 250k student debt . Now I own some single families in CA and small apartments in OK for 50 units .,0
34,Â @MachaLatte123Â his parents helped him,0
35,Â @MachaLatte123Â  eeww matcha latte ğŸ¤¢,0
36,â€‹Â @Misaka-gt5yjÂ My 17 year old son does the same... He's extremely prudent in nature but he also knows that he can live with us as long as he likes rent free and he has more savings and investments than most adults 20 years older than him!... He also decided to go down the apprentice route rather than stack debt in university... I've absolutely no doubt what so ever that he'll become a millionaire!,0
37,Plus he was surrounded with friends who are well educated and investing. That really push him to be on top than the average teen.,0
38,"Â @404fulmikeÂ  Yeah absolutely. But I think the main thing is his parents taught him well and put an emphasis on work ethic and education while growing up, thus building a foundation. Sadly I can't say the same for many other families who continuously pass on generational poverty 1 after another. They struggle to break that cycle.",0
39,"Also, parent's money and attention. He didn't have to worry about coming up with the resources to make up any deficit. His parents got him covered, and good on them for doing so!",0
40,Nah. Not hard work. Not â€œhard work.â€ /,0
41,"I remember just after my layoff early 2020 admist COVID outbreak, I needed to stay afloat,hence researched for licence fiduciary advisors. Thankfully I came across someone of practical knowledge,and decades of experience.I liquidated 200k of 325 k from my 401K, it has yielded nearly 1M after subsequent investments.",1
42,"I'm currently looking for where to begin putting in some funds that will aid me after retirement. Saving up isn't giving anything in return.
It's no secret that the role of financial advisors can never be downplayed.
Who's your advisor if you have any?",1
43,"Female financial advisors are doing way better than the male ones now, The likes of Lauren Simmons, Kathy lien and the most successful of them all LUCY ROSE CARTER ğŸ”¥",1
44,"I have shuffled through a few experts in the past,but settled with LUCY ROSE CARTER.the strategy they use is recession-proof,more specifically profit-oriented.most likely you will find her basic info on the internet.",1
45,"LUCY ROSE CARTER is the CFP responsible for my portfolio success,the lady has a private client base you can confirm her yourself on the internet, regulation and all.",1
46,"I started out with LUCY ROSE CARTER,great advisor. I got very lucky to have found her especially after my marriage crisis & consider her a good friend now.",1
47,"How can I join in? I will be happy growing my money while giving a few of it away to charity giving back is a good as receiving.
I don't mind consulting a female financial advisors if she can be of help to me",1
48,"Having an investment adviser is the best way to go about the market right now especially for near retirees. I've been in touch with LUCY ROSE CARTER for a while now mostly because I lack the depth knowledge and mental fortitude to deal with these recurring market conditions. I netted over 70k$ during this dip, that made it clear there's more to the market that we average joes don't know",1
49,LUCY ROSE CARTER,1
50,"I wonder where she gets her analysis from though,I just read her resume ONLINE I'm quite impressed âœ…",1
51,Nah. Not most underrated thing here. Not â€œmost underrated thing here.â€ /,0
52,@jordanjohnson Okie,0
53,never too late to restart your life,0
54,"Yes! ğŸ‘
And donâ€™t getting in to ugly divorce in the future or better prepare with prenup;)",0
55,"I understand that tomorrow isn't promised to anyone, but investing today is hard for me now because I have no idea of how and where to invest in. I would be happy if you could advise me based on how you went about yours, as I am ready to go the passive income path.",1
56,"Even with the right technique and assets some investors would still make more than others, as an investor, you shouldâ€™ve known that by now, nothing beats experience and thatâ€™s final, personally I had to reach out to a stock expert for guidance which is how I was able to grow my account close to a million, withdraw my profit right before the correction and now Iâ€™m buying again",1
57,please who is the expert guiding you? i have lost so much as a beginner investing into stock without a proper guidiance of an expert.,1
58,"There are many you could potentially find online. I personally work with Kate Elizabeth Amdall  , and she's been spectacular. But there are also many others you could check out yourself.",1
59,I just checked her out and I have sent her an email. I hope she gets back to me soon.,1
60,"If the market has taught me anything, it's that it usually makes a comeback, but I can't seem to concentrate on the long term, especially because important things like my retirement and my reserve are having a disastrous impact on inflation. I need a solution and a data trajectory that I can trust as soon as it is practicable.",1
61,"Â @AnnieBeischelÂ  Currently, the best market strategy is to work with a credible investing coach. Since a while ago, I've been in touch with a coach, mostly because I lack the depth of understanding and mental toughness to deal with the ongoing market conditions. You lack the information necessary to succeed in a competitive market, not because you're doing anything wrong, but rather because of your lack of experience.",1
62,"Â @MollyLogan-Â   Due to the significant falls, I need advice on how to rebuild my portfolio and develop more successful tactics. Where can I find this coach?",1
63,"In fact, I'm not sure whether I'm allowed to mention this, but I'd advise looking up ""Stacy Lee Decker"" because she was a big deal in 2020. She oversees both my portfolio and serves as my mentor",1
64,"She has an impressive career and impressive qualifications, so I can understand why she is so busy. I thus quickly copied Staceyâ€™s full name and entered it into my browser.",1
65,"I canâ€™t focus on the long run when I should be retiring in 3yrs ,you see  Iâ€™ve got a good companies in my portfolio and a good amount invested, but my profits has been stalling,does it mean this unstable market doesnâ€™t provide any calculated risky opportunities to make profits?",1
66,There are a lot of strategies to make tongue wetting profits especially in a down market but such sophisticated trades can only be carried out by proper market experts.,1
67,"How can I reach out to this coach? Because Iâ€™m seeking for a more effective investment approach how good is this person at portfolio diversification, particularly with regards to digital assets?",1
68,She appears to be well-educated and well-read I ran a google search on her name and came across her website; Thank You for sharing.,1
69,"easy for you to say not to trade your college years. I also graduated 2.5 years early simply because I could not afford it, and as an international student, I also could not get any federal loans.",0
70,"$200 cash flow while gaining equity is good, actually.  much better than having his money stagnant in a savings account",0
71,Not.,0
72,"The 2019-2020 and 2020-2021 years probably werenâ€™t too much fun for many students, though.",0
73,"He move his life so fast. He need to learn how to spread things out throughout his lifespan or else he will hit a period of depression and boredom. I'm happy he made it that far at such a young age but he lost so much values of what life is. The more he grow up, the more he realize his mistake of going through different stages of life too fast and need to balance out work and life NOT Work hard now and life later.",0
74,"I realized that the secret to making a million is making better investment.  I bought my 1st home at 21 for 87k sold for 197k, 2nd home 170k and sold for 320k, 3rd 300k and sold for 589k and buyers paid all closing costs expenses etc Not making up to a million before retirement is unfulfilled retirement.!!",1
75,Opening this I thought he would be a snobby Googler begging about is income. But boy was I wrong. What a smart and responsible young man. At 22 I could have never lol! Good luck Ethan!,0
76,"This is the kind of stuff that motivates me to become the best I can be so my kids can have a great start, like how his parents did for him.",0
77,What a great guy! It would have been helpful to see how travel is factored into his budget since he mentioned that he spends a good amount on travel but it was excluded from the budget summary.,0
78,Iâ€™m also a Googler! I sit down googling stuffs all day!,0
79,What an outstanding young man â¤! I wish I had this discipline at his age.,0
80,Hold on here.  This kid graduated from Berkeley with a CS degree in 2 years.  He is not your normal person.  I graduated in 4 years and I had to do summer school and use my AP credits.  How did he do this?,0
81,"Im struggling to finish HS as a dropout as 22 years old whos also interested in software engineering and has been coding for 5 years, and similar to my friends hes also making a well deserved salary graduate salary

If only i could receese time and tell myself to not give up on school despite my circumstances, id be in the same position ğŸ˜¢",0
82,"For people, who tell others to avoid going to collage at all costs are giving others terrible advice. He is one example out of many, who are financially successful because they chose to go to college. All or nothing thinking is a terrible cognitive distortion that you want to reframe.",0
83,"It seems strange to study so hard and work at a top tech company only to retire at 35. You don't see Steve Jobs, Bill Gates, and Warren Buffet going into their professions only to want to leave in 10-15 years. Great guy, though it seems like he's spent his youth doing nothing but to accumulate a lot of wealth without having a true passion for any.",0
84,gosh cnbc you're such a big help to us all! THANKS!!!,0
85,Saving $60000 in 2 years and making a six figure salary does not add up to 95% saved. I am confused. lol,0
86,This guy is living well but I would give more credit to his parents for setting him well. Where is a 13 yo getting his capital from to invest? He also needs his parent's permission to set up an account to invest. No mention of him working till he got his bachelor's too. His parents also paid for his college (even two years is a lot). His financial strategy initially was pretty risky which speaks volumes about his family support in case anything fails. Props to him for realizing that stable long-term investments are better.,0
87,This guy is outstanding. I hope he also prioritizes his health and works on healthy eating & regular exercise to maximize his life expectancy and overall happiness. Those are things young people donâ€™t always think about.,0
88,Love this for him ! Super impressive â¤,0
89,"If yâ€™all are teenagers thisbis the kind of path you want to take if youâ€™re going to college. Learn investing early, commit to a high paying skill, choose a cost effective college if youâ€™re going, do it fast and get to work. Aim to save 50% of your income. It will be difficult if youâ€™re living above you means but even if you canâ€™t hit 50% aiming for it will push you to do your best. All the best young ones.

And $5 million should be everyoneâ€™s bare minimum goal. You can actually live or $250-350k with that kind of nest egg.",0
90,"I agree with the comments. This is far from an average person. UC Berkeley computer science degree in 2 years. Masters in 1 year? That's impossible for 99.99% of us. Even making $196K a year, he does have a lot of fixed expenses, mainly that huge mortgage.  Anyway, it's whatever works for him.",0
91,Great story Ethan. Keep crushing it man!,0
92,This is one of the best episodes Iâ€™ve seen in a long time ! â€¦very nice,0
93,Im surprised i didn't see more of this comment. i'm sure he'll grow to resent his decisions later in life and change his goal of retiring by 35,0
94,May I ask which investments are good? I've been looking at a few different ones but want others' opinions as well,1
95,"I started out with a financial advisor called ""Rochelle Dungca Schreiber"". Her honest approach gives me complete ownership and control of my positions, and her rates are incredibly affordable given my ROI. However, do your due diligence before contacting a financial advisor..",1
96,"Rochelle appears to be very knowledgeable. I found her webpage and read through her resume, educational background, and qualifications, which were all very impressive. She is a fiduciary, which means she will act in my best interests. So I scheduled a call with her.",1
97,"""It's quite a surprise that you're acquainted with her as well. I've had the privilege of gaining significant profits while learning and investing under her guidance for the past few months. ROCHELLE DUNGCA-SCHREIBER truly stands out as one of the most exceptional mentors and traders I've had the pleasure of collaborating with in recent years. Her expertise in navigating various market situations is truly remarkable.""",1
98,Lmao,0
99,ğŸ˜‚ğŸ˜‚,0
100,Same ğŸ¤£,0
101,I'm a YT'er...I waste hours on You Tube looking at mindless stuff!,0
102,I Bing,0
103,"Took nothing but AP classes in high school, did summer school, and maxed out classes each semester and had no social life.",0
104,Sometimes there are programs within high schools in which you can graduate with both a high school degree and a associates at the same time. He could have graduated taking all of the general education requirements and when applying for U.C. Berkley  he would have junior standing. He could also take summer classes or ap courses as the other commenter mentioned.,0
105,He represents the 1% that are able to achieve at this level. It's unrealistic for the vast majority of the population. Some people are born special and with a little discipline and they become extra special. It's no competition. We just have to try our best.,0
106,Bro lost 80k in crypto trading??,0
107,Losing 80000 in crypto and not having fun in your youth sooner or later will cost you...,0
108,"Â @flippingnickelsforalivingÂ I'd say he's more like 0.5% if not 0.01%, considering his age.. very impressive!",0
109,"Â @vanessaandreatta9098Â  what would cost him for not having fun in your youth? Can't think of any. A friendship? if you past 30 and have kids, most ppl no longer have friends anyway.",0
110,He might've been a transfer student,0
111,"Â @flippingnickelsforalivingÂ  itâ€™s still somethingâ€™s ppl can take away from this and apply, while not aiming to do everything the way he did it. We have to an opportunity to be better at trying our best everyday.",0
112,it's doable.,0
113,"In the years that there wasnâ€™t much else to do, though.",0
114,Well he'll have all the financial freedom to find one once he's done.,0
115,At 13 he probably used his Lunar New Year money to invest. I usually got a couple hundred every year as a pre-teen. Asian kids learn budgeting early!,0
116,Easy to eat healthy at Google,0
117,"Eating healthy is hard with all the processed crap available even at Google, so that takes a little effort to research.  He can always subscribe to have keto meals sent to his home. He's a doughboy with career and money and  needs to hit the gym.",0
118,"OMG I love this, I to am 22 years old and live in OC. he has the same exact investing mindset as me, I started investing also at 13. All my friends thought it was boring until now.",0
119,"Gotta say, what an astoundingly well adjusted young man.",0
120,"This guy is killing it, happy to see Gen Z nail money management. It applies to all generations tbh",0
121,how did he do a BA in comp sci in only two years? he doesn't mention attending community college & then transferring into a 4-year institution so I'm just curious. I wonder if he also took summer courses during that time.,0
122,Great work Ethan!,0
123,"Unless Ethan doesn't pay property tax or insurance or any maintenance costs or save for vacancy and Capex, then he's actually losing money every month on this rental property in Florida.",0
124,"Although I like his spirit and determination, there were many red flags throughout this video and his comments on spending/income don't add up. And it feels like we're missing information. His current salary does not indicate one new investment property every 2 years, especially if he only makes $194 in profit each month. When he said he wanted to retire at 35 with $5 million, but also wanted to start a family soon I just laughed....this guy is a big dreamer. A family, even one kid, is very expensive.",0
125,"Holy crap this guy was a study demon - literally cutting his schooling time in half, insane",0
126,I wish I had my life together like this ğŸ˜­,0
127,"Really nice guy---but is NOT the norm--he's that rare superstar @ 22!! Good for him.--he's truly superb in terms of his discipline, mindset determination, and maximizing all his skill sets!",0
128,Staying at home (if thatâ€™s an option) is a great way to get ahead. I did the same in order to purchase a home and jump start my investments.,0
129,I'm skeptical about being able to complete a computer science degree in 2 years as portrayed. He had to of either taken college equivalent courses in high school or went to community college and transferred in.,0
130,7:48 such a blessing to have great grandma still around,0
131,I realized that the secret to making a million is making better investment.,0
132,"Well done, and heâ€™s definitely taking advantage of Googleâ€™s cafeteria. Heâ€™s on his way to be FI and do whatever he wants.",0
133,This guy is a superstar,0
134,I tried investing at 13 too but the bank just gave me a cardboard piggy bank.,0
135,Everytime I watch regular people reaching their potieianl and dreams and makes me feel confident on doint it.,0
136,"his house looks like the meme of a software engineer in silicon valley.  nearly no furniture or decor, and a mattress on the ground.  think we are all interested in how he graduated in only 2 years, yet he explained zero.  he just stacked a ton of classes every semester and went to summer school?  seems really hard and stressful, but well done.",0
137,Can we please have some normal Gen Z's on here??? Someone in college hustling and budgeting super hard is a lot more interesting than people with so much money they can buy whatever they want without thinking about it.,0
138,"I am assuming he took a lot of AP classes in high school. so he doesn't have to do 1st year, go straigh to 2nd courses, then didn't take summer off.Using the summer semesters to finish more classes. therefore he can graduate in 2 years.. bascially, he never had a break for school for 2 years, no summer, no social life. just school, classes. I know ppl did that..",0
139,"I'm sure that's what he did... Probably took APs and community college courses during the end of high school, and berkeley counts a lot of those courses. I have another friend who did the same thing. 

I don't think there's any other way to really graduate in 2 years because there's a max number of credits you can take.",0
140,Seems like he might be over leveraging himself a bit...I love his enthusiasm and spirit,0
141,Which explains why he had to use debt to pay for the air conditioning unit.,0
142,"Property tax and insurance will be part of the mortgage payment (the escrow portion). But vacancy, maintenance, hoa, property mgmt, are not included).",0
143,Yes his housing payment is massive. Only $442 going to savings and investments seems low.,0
144,"Warning, a good daycare in OC is $2,000/mo per kid minimum haha. I have 2, get ready to add $4,000/mo to that budget good Ol Boy!  Welcome to the Thunderdome!",0
145,"Agreed, heâ€™s dreaming",0
146,"Iâ€™m sure thereâ€™s some sacrifices that need to be done (ie not eating out a lot, not a lot of social gathering to spend money).

With his income level, 20% down payment for a home is FL is smaller compared to 20% down payment in California. Makes sense why he chose the investment property first",0
147,"Yes I noticed this as well. The pie chart said he is only saving and investing $442 a month. But then he said he invests almost $2,800 a month in retirement and non retirement account.",0
148,likewise !,0
149,So do it.,0
150,Crazy. All these strong and independent boss babes in the comments and on TikTok that can't stop crying about it.,0
151,Transfer credits are common. Berkeley also has spring and summer classes.,0
152,"Probably the CC classes in HS, it did say he graduated from Berkeley at 19.",0
153,it's doable.,0
154,"ROCHELLE DUNGCA-SCHREIBER, That's whom i work with",1
155,"What I think everyone need is a Financial Adviser, who can help you get in and out of any investment at any time and you'd sure be in Profit",1
156,No she's not!... Youtube is a public place; i can't drop her information here but You can just put her name on google and you will be directed to her website and drop her your message.,1
157,"I'm surprised you know her too. I've been making a lot of profits learning and investing with her for a few months now. ROCHELLE DUNGCA-SCHREIBER is one of the best mentor/trader I have ever worked with in the past few years, she knows how best to deal with whatever market situation....",1
158,"Hes normal? Just because hes smart and got a good job working for google doesnt make him an anomaly LOL. They have plenty of videos on here of ppl you're asking for..

Just because he had supportive parents, went to berkely(on his own merits), saved his money, and is successful at 22 doesnt mean we should not celebrate him or show him off.",0
159,Thatâ€™s your opinion,0
160,What is a normal gen z? Poor and underachieving? Please enlighten us,0
161,He canâ€™t buy whatever he wants. You should watch the video instead of just looking at the number in the thumbnail,0
162,"Stop being Insecure Claire, be able to celebrate others.",0
163,I wish I could celebrate the guy and all but cmon you have your parents help at 13. Dude at 18 I was already paying rent and bills you think my parents set me up for life. Sometimes you donâ€™t want to be jealous or envious of others but itâ€™s very difficult to do so when other families are doing what you wish your parents should have been doing,0
164,He did hustle. It's no small feat to graduate in 2 years. Study hard in a technical field and you can end up like him,0
165,"Â @edercortes1960Â youâ€™re playing the wrong game w this mentality my guy. Youâ€™re basing success by comparing yourself to others. You have to define success for yourself, so sure you canâ€™t change your past but you DO have control over your life NOW, so how will you succeed? This guy is no different than you and I, this is just his story. And he saw success as making investments, whereas other people see success w material gain, higher status, healthy families, healthy weight etc. thereâ€™s no need to feel envy, we all are in different chapters, in different books. We canâ€™t all have the same story",0
166,Aww whatâ€™s wrong Clare bear?ğŸ˜¢Does Mr. Nguonly make you feel bad about your lack of accomplishments in life?ğŸ˜¢ğŸ¤¡,0
167,Â @jw6451Â right??ğŸ˜‚ğŸ˜‚ğŸ˜‚ğŸ˜‚,0
168,This is normal at least amongst my friendship group,0
169,"Â @edercortes1960Â  the thing is, even though your parents didnâ€™t set you up for success at a young age for whatever reason thatâ€™s what they chose to do, their actions led to them to not being able or care to to think proactively about their children, but if you think about it in a more accountable way you could just use your less than ideal upbringing from your parents as fuel to make sure your kids get the things you didnâ€™t get growing up. Itâ€™s a gift to be able to make a difference in someoneâ€™s life",0
170,â Â @foushooÂ  ğŸ™ŒğŸ¼ nicely said!,0
171,Imagine aspiring to look at people struggling instead of being motivated by people your ageğŸ˜‚,0
172,ğŸ˜‚ğŸ˜‚ğŸ˜‚ğŸ˜‚ğŸ˜‚ğŸ˜‚ reading that hurt. So much salt,0
173,"Great episode, great guy  ğŸ”¥",0
174,"If I were him, I would keep my job at Google!!",0
175,"A friend of mine makes the exact sum. But that dude lives between Indonesia and Spain throughout the year. Now that dudeâ€™s life is awesome. He mightâ€™ve made over 200k last year as well, Iâ€™m not sure though.",0
176,"I live here in O.C also. This is not an usual story, I'm also Asian. Our family structure is just that, structured. Some are critical, ""helicopter"" parents etc....but in the super competitive and SUPER expensive S. CA it's almost a necessity. As crazy as it sounds, $194K @ year does NOT make you rich in O.C, merely comfortable. I'm older than him and have been making 6 figures for years but am just middle-of-the-road here in O.C. It's worth it though, I think.",0
177,Wow what an organized sorted young man. The sky and beyond is waiting for him!,0
178,Great young manâ€¦ he just so much of an outlier that itâ€™s hard for me to connect with him at 25.,0
179,"His math makes no sense..graduated two years early so heâ€™s been working for 2 years. Heâ€™s made like $400k max pre tax and somehow he has two houses, 115k in investments, and has lost $80k in crypto. He either comes from a lot of money and his parents have helped him out significantly or heâ€™s lying",0
180,This kid is Cambodian. Props to him for defying the odds.,0
181,Really smart kid!,0
182,Everyones Journey is different. The key of everything is having a plan.,0
183,"Most people venture into crypto to be wealthy,meanwhile I just want to be debt free.",1
184,"""Googler"" is misleading; sounds like a secret shopper lol

He's a SOFTWARE ENGINEER.

He's earned that.",0
185,"After taxes if he is investing $22,500 in 401k, his take home pay is only $9300. If he owns two homes, he is playing a little risky. Good luck!",0
186,Proud of you!!,0
187,"Love this! Just one thing - get into the credit card hacking game for the travel, it's a game changer!",0
188,I wish I could have had him as my financial advisor ğŸ˜…,0
189,Google needs a health wellness class.,0
190,Wow! Very impressive young man.,0
191,I am asian and similar. I invested from age 10. I was a software engineer and before I turned 30 I become a decamillionaire. I also live in California.,0
192,Brilliant young man!,0
193,"He didn't say he's resigning! Besides, in the tech industry, pretty much no one stays at one company for more than a few years.",0
194,Â @prakash_77Â  I've been at the same company almost 20 years!!ğŸ¤”,0
195,"Nah it adds up. 2 houses he's paying mortgage on, doesn't say how much down. Stock market has done well. With maxing out 401k(+ matching)/ira, 115k is very achievable. $80k crypto ""loss"" isn't specifying realized loss of $80k. Dude's smart and makes good income. Didn't need parents with good finances to achieve any of that.",0
196,"He definitely benefitted from financial support to achieve this. That doesn't take away from his accomplishments, he's doing insanely well, but there's no way he'd be in the exact position he's in today without the support he received. It's a whole different financial situation when you have to pay for food, rent, tuition, car payment instead of getting to save nearly 100% of your income.",0
197,"Invest in one of these!
Real estate 
Crypto 
Stock 
Gold",1
198,"Investing in crypto is the most profitable investment due to its current rise, huge profits and future benefits.",1
199,When you invest in crypto you are buying days you don't need to work,1
200,"Unfortunately The majority of individuals seem unaware of and careless when it comes to investing, despite the fact that it should be the best thing a person can do for himself. My gains from stocks and cryptocurrencies are still having a significant impact on my fortune. So I have no inclination to rely entirely on my pay or to wait for the market to go up.",1
201,I'm enjoying working under a platform that brings good returns in my life and I've been making my weekly returns without stress all in crypto,1
202,Crypto currency will outsmart the banking system in the nearest future serving as a global fiat. Already making over 85% profit from my investment,1
203,"Now is the best time to purchase and invest in bitcoin, stop procastinating",1
204,"I'm new to bitcoin trading, how can I go about it or is there anyone you can refer?? ğŸ™ğŸ™",1
205,90% of millionaires right now are investors in cryptO market.,1
206,I'm pretty there is a health and wellness class,0
207,"why, because he is over weight?  i think most of the google campuses have gyms and healthy food options",0
208,Don't max out 401K in the beginning of the year if your employer offers  you match. You're missing out on free money.,0
209,He is IMPRESSIVE !,0
210,bright hard working asian boy! mad respect for his strong financial and life planning mind set!,0
211,"Over $9K for one person in CA??
We are spending more than that but we are a family with 2 kids in an expensive area too in CA.",0
212,Super smart kid making the right decisions at a young age. Humble. Driven. Proud of this dude ğŸ¤™ğŸ½,0
213,"With his current strategy, my rough calculation is heâ€™ll have $1.3M by 35 ğŸ¤” Heâ€™ll have to marry another googler with a similar salary to afford those kids at age 25. Also, make an emergency fund for the love of credit card debt!",0
214,Thereâ€™s more to life than money.,0
215,"It goes without saying, but heâ€™s truly a very impressive young man. I wish I had nearly as much wisdom and common sense when I was 22. I wish him well and am sure heâ€™ll go far in life.",0
216,Good job!,0
217,Can we see someone with a reasonable salary and a normal job living in LA who doesnâ€™t make 6 figures?,0
218,"this is so awesome, doing big things! 

from a fellow berkeley grad and googler :)",0
219,"Even with the bad economic, My life has totally changed since I started with $5,000 and now I make $78,700 every 14days, I can afford any car or house of my choice right now â€¦.,God bless Mrs Eleanor Nelson",1
220,Extremely smart and disciplined young man,0
221,Well done!,0
222,"Itâ€™s funny how he is so diligent since a young age with investing and owning properties yet he chose the path of a employee instead of an entrepreneur. This is what school does for you, make you a good, reliable worker.",0
223,This young man has it all figured out and he's so bright!! And he's Khmer!! Khmer-American Pride! So proud of you! Please help our younger and older Khmer-Americans too!,0
224,If he moved to Thailand he will live like a king,0
225,This guy is unreal! Congratulations sir!,0
226,God Bless him,0
227,"Of course...if I could live with my parents rent free, bill free, and make a 6 figure salary, I would be able to buy multiple properties too..",0
228,underrated comment,0
229,"My last employer did require spreading the match over the entire year. My current employer allows frontloading of the match, so it does depend on the companyâ€™s 401(k) plan.",0
230,"If you're plan has a ""true up"" the front load is best. I get a true up payment every march of the following year when I front load.",0
231,"Not always. It depends on the plan.
I set percentage by dividing my base salary by the 401k limit, then rounding up to the next whole percentage point. Right now that works out to 19%. It means that I usually hit the max in early December. So I miss some matching.

However, my company gives me a true in in June of the next year. They give me what I missed by hitting the 401k limit before the final paycheck of the year.

If there is a bonus paid, then I hit the max earlier. But I set it to make sure I hit the max even without a bonus.

I don't like the idea of front-loading the 401k contributions to early in the year. First, I need some money to live on and to pay bills for the first quarter of the year. Next, by buying shares every two weeks, I get dollar cost averaging.",0
232,"Â @yankinwaozÂ  you still get dollar cost avg if you front load, it's just on a different time interval. The idea with front load is that ""time in the market"" is the more important metric. But personally I don't think it's that much of a big deal. I try to complete 401k contributions by mid-year, and the main reason I do this is (a) get it out of the way early (b) if I have to change jobs or become unemployed towards the end of the year it will have no impact on maxing for that year.",0
233,Well 6k of that is towards his residence and rental property it said,0
234,"This young stud isn't footing the bill for day car yet. I live in OC, a good daycare full time for two kids is $4,000/mo.",0
235,Keep in mind $194K in CA only nets you about $11k/mo.,0
236,That's because he bought a home in 2023 with a 7+% mortgage.,0
237,How so only 1.3M?,0
238,"Â @UgurDinchÂ  I gathered he was saving about $2,800/month for retirement starting with $115,000 saved. 13 years @~10% returns (optimisticly) would be about $1.3M. Yes, there will be raises, but my guess is that will be offset by lifestyle creep, plus the expense of additional properties every 1-2 years.",0
239,Heâ€™ll have way more than $1.3M by then,0
240,Â @tranfanÂ  ğŸ‘ğŸ¼,0
241,Four years of undergrad life is one of the most valuable moments but he just skipped through it with two years,0
242,True but money is a big part of life,0
243,"â€‹Â @aufgeschlossen5110Â what do most people do with 4years of ""undergrad experience""? Go into debt while training to become an alcoholic?",0
244,"He's working to buy his time back and spend it with family, seems like he understands this",0
245,"""broke n***as say money isn't everything""",0
246,"Ummm, jealous??",0
247,That's what a person with a poor mindset would say.,0
248,Â @lifeisbeautiful6411Â  Thatâ€™s one of his intention. To make people jealous.  So sad.,0
249,Itâ€™s called life balance.  Something that lots of people donâ€™t understand until they get old.,0
250,"Â @lehsuÂ  Brother/sister I think we should work hard enough to make ourselves proud. It's upto the people that whether they are being jealous or getting inspired. I'm getting really inspired by him, but jealous. Not at all",0
251,"Are you a SWE?

Are they hiring remote data engineers? I worked as TVC for a few months ğŸ˜›",0
252,The wisest thing that should be on everyone's mind currently should be to invest in different streams of income that doesn't depend on the govt. Especially with the current economic crisis around the world. I recommend Mrs Eleanor ğŸ‡ºğŸ‡¸,1
253,"Same here, I started investing into cryptocurrency with $13,000 now earning $128,300 bi-weekly profits with her trading program. Sheâ€™s really amazing i still cannot believe someone can be this exceptional when it comes to Bitcoin activities.",1
254,"Quite impressive but HOW!!?ğŸ˜¢ I know it's possible, my colleague at work got her first investment return of 72K after two weeks and she quit the job , I would appreciate if you show me how to go about it..",1
255,"Sheâ€™s a great personality in the state ğŸ‡ºğŸ‡¸ I countlessly share my experience with co-workers at work, on how I made $23,000 from $2,000 in 14 days of trading",1
256,"Cryptocurrency is the future, With the profits I made from Mrs Eleanor nelson I started a trading account for my 3 sons with $3,000 each, last week was the second time sheâ€™s seeding payments to their bitcoin wallet. God bless her â¤ï¸",1
257,"I was owing a loan of $42,000 to my Bank for my sonâ€™s brain surgery, Now Iâ€™m no longer in debt after I invested $3,000 and got my payout several times for the past 2 months. God bless Mrs Expert Eleanor ğŸ’•",1
258,"Iâ€™m from SwitzerlandğŸ‡¨ğŸ‡­, Can she offer her trading service for someone here in Europe and how can I get in contact with her?",1
259,+154,1
260,1638,1
261,8952,1
262,Sheâ€™s active on whats - app,1
263,She's always active on Whats~App... ğŸ‰,1
264,"My first experience with Mrs Eleanor nelson Barnes gave me the assurance and confidence that has made me to invest without fear of losing, I really appreciate her efforts and transparency..",1
265,"I'm from Bowie Maryland USA. I connected with her and she has helped me a lot, she makes so much profit with just $1,000 of my initial investments, Now I invest with $10,000 for bigger portfolio. God bless Mrs Eleanor ğŸ‡ºğŸ‡¸",1
266,"Even with the current crypto dip, I'm still Glad ğŸ™‚ I can smile back at my portfolio of $22,700 made from my weekly trade within a short period.",1
267,"Such information we don't it get from most Youtubers, I am getting in touch with her right away.",1
268,I'm very glad I stumbled on this today writing to her now. Really hope she can help me,1
269,Niceâ¤ï¸â¤ï¸ God bless Expert Mrs Eleanor nelson Barnes for all Good works. We need such a person in the society,1
270,Mrs Nelson gave Jimbo chlamydia !,1
271,He wants to retire early so it makes sense that we doesn't go down the route where he'll be working all of the time,0
272,"He was basically trained to be a really good worker bee

He excels at that checklist lifestyle, for better or worse",0
273,Entrepreneurs are risk takers. He's had a pretty comfortable life so it's not in his nature.,0
274,ğŸ‡°ğŸ‡­ğŸ‡°ğŸ‡­,0
275,Yup. Noticed that too. Young Cambodian superstar,0
276,This guy epitomizes the â€œWorkly Berkleyâ€ culture and I donâ€™t mean that positively,0
277,"I live in the OC, what property goes for $225,000!?

A backyard shed? ğŸ˜‚",0
278,TJ High School pushing out another hard working genius,0
279,Jesus Christ he was using leveraged money on alt coins ğŸ˜‚ğŸ˜‚,0
280,Watching him make his bed was so painful though. â˜ ï¸,0
281,This is financial advice and I never give financial advice: DONT LEAVE DURING THE BEAR. If you donâ€™t want to investâ€¦learn. If you donâ€™t want to learnâ€¦build. If you donâ€™t want to build observe. DO SOMETHINGâ€¦other than leave. There is so much opportunity here. Take advantage!,0
282,This guy is great,0
283,Inspirational,0
284,Thanks for sharing!,0
285,"The rental properly doesnâ€™t seem to be super profitable, especially if he had to take on debt to fix the AC unit.",0
286,It's incredible it was just bump for him to lose 80k in crypto.,0
287,"this guy puts us to shame, dang you gen z",0
288,Bring back the more realistic salaries please. Not everyone is making six figures.,0
289,killin it!,0
290,now this is impressive!,0
291,Seems like he is a bit too forward thinking. He missed out on college activities but wants to retire early to live life. Seems a bit backwards but good for him being financially savvy.,0
292,My family set me up to struggle.,0
293,"Wow, Ethan used his googling skills to remove the ignorant comments regarding his last name. Respect.",0
294,"""Owns two homes"" Yeah with how much debt on those mortgages lmao",0
295,Insane â¤,0
296,What is Workout Berkley? I am just curious about it,0
297,"Seems like it worked out in this case, as per his lookout on life",0
298,Lol,0
299,So he will be able to write that 80k off every year. Every year 3k he can claim as a loss until it adds up to 80k. So in the long run he will get it back minus the loss in inflation,0
300,What are you even talking about? This is a realistic salary. Dude is a engineer. Plenty of people are engineers. You act as he's a professional athletes or movie star making hundreds of Millions or Billions.,0
301,Â @Rivs5117Â  Average salary is $40-50k. Everyone around you seems to be more rich in places like California though.,0
302,Dont forget that California eats nearly half his salary,0
303,Â @BlowitAllUpÂ  Only reason California salaries are higher than most places is because California itself is extremely expensive compared to the average place. Same as for New York. Yes the average salary is $40-$50K but you also have to factor in how many people do you know that wanna watch a video of a Walmart worker or factory worker? Remember this is YouTube we're watching so they have to find realistic jobs that the average person can pursue that are also going to attract viewership.,0
304,Â @kuvjason7236Â  Exactly! People don't seem to factor in geographical location when looking at people's salaries.,0
305,"Yeah, he also wants to retire early to spend more time with his kids which he doesn't even have.",0
306,Impressive young man! I would not bet against his plan to have $5 Million by 35!,0
307,"I am 46, and If i could time travel, i would like to be him !",0
308,Very inspiring!,0
309,This sounded like he was at a Google behavioral interview,0
310,$5 million by 35 is a bit unrealistic without a windfall based on his current trajectory,0
311,Earning $194k in California is like making $50k everywhere else.,0
312,He's so smart! Wow!,0
313,"he's really book smart, but he sorely lacks financial knowledge.

""profit"" of $194 form his rental is actually a loss after property tax.. buying such an expensive home in OC when rates are peaking will stunt his savings and postpone whatever retirement plans he had.

once he has kids, he won't qualify for any benefits at all due to his high income so he will need to pay for day care, which is another $1500+ per month per child.

it's weird how someone that is so smart and grosses so much $ can be almost paycheck to paycheck",0
314,"So, Computer Science degree, and he immediately gets paid a lot. Got it.",0
315,If I ever have a son I hope heâ€™s like this young man,0
316,"Props to his parents living in an area that allows him to succeed in life while he can mooch of them. I tried this and unfortunately the higher paying jobs were not located where my parents lived, therefore it did not work.",0
317,"Your plans could be disrupted by a single event you can't predict like the hurricane in Florida where his property is located. It's stupid to make such long term plans in such a dynamic environment. Nothing is constant. Some people just can't enjoy life and think only about money. He already lost $80 000 and after the Idalia hurricane he might end with one house only.

At the moment he is jekrnig at home in order to save money from dating girls or may be boys.",0
318,the guy's obviously very successful but something's off about his planning,0
319,BravoğŸ‰,0
320,This just encouraged me,0
321,"Must be nice to have been born in an area where you have high paying jobs within driving distance of your home. 
Most people don't get so lucky.
Also, almost 200k right out of college? This is not normal... even for programmers.",0
322,"$59,500+ in mortgage and HOA fees annuallyğŸ˜–ğŸ˜–ğŸ˜–ğŸ˜–ğŸ˜–. I know he can afford it, but still, California manğŸ˜",0
323,"Do we have to go into iT to make those kind of salary? Prep on STEM early in life so when you grow older you can work for big Tech companies. Like most Asian he's prep earlier on in life & he's work ethic, with iT job so in demand & high pay he is set for a smooth life.",0
324,How is he saving $1000/month and putting $1800/month in retirement if only $400 is going to his savings and investments according to the pie chart,0
325,"In our early 20's we're young, agile , optimistic and think we have it all figured out.  We have little experience in life and are unaware of life's twists and turns.  This kid hasn't lived long enough and  just because things are coming together in his early 20's doesn't mean life will continue down the same path.  He seems smarter than most kids his age, but I would take this video with a grain of salt.  Just by watching him code the Main Method for his program, I can tell he doesn't have much experience outside his formal education.  Just my observation.",0
326,He's only saving a few grand a month. It's delusional.,0
327,Agreed,0
328,"I believe thatâ€™s his wish. Will prob take a lot of investment gains, property value increases, RSU stocks, salary raises to get there.

Keep in mind that 401K and certain retirement investments can be pre-tax (thus you reduce your taxable income while maxing investment for retirement). Itâ€™s possible. Even if he achieves this after 35 is still a great achievement",0
329,Not really since google pays some of his income stocks so eventually he can 600k or more if stays at google,0
330,if he moves up at google he can make more.  some of them make $500k and up a year salary. after taxes he is now at $129k,0
331,Â @bigpoppa4094Â  I guess he could win the lottery too. Too many people out there think like that. Ten years is a very short time and extrapolating things is unrealistic.,0
332,no it isnt,0
333,Heâ€™s young thatâ€™s why.,0
334,I agree with you!,0
335,Real estate sux,0
336,Yeah because remote work doesn't exist huh?,0
337,"â€‹Â @danielisaac7586Â  Not for all jobs and not always full time remote. 
Often the business will insist you take a lower pay b/c your cost of living is less in your remote area. 

Outside of managers, I don't know of a remote job that pays over 200k with no professional experience.",0
338,"Yeah, unfortunately stem seems to be the field with the most of these salaries available. But I have a feeling that the tech bubble will pop in the futureâ€” too many investors realizing they donâ€™t get their investment back with a lot of these companies",0
339,Zapped human soul and creativity in favor of efficiency. The human personification of why the bay area is dull now.,0
340,I feel like he could reduce his expenses more and increase his investments.,0
341,lol at the random public static void main B roll. Bet that was awkward to film. This was an awesome story,0
342,"$194/mo in Florida? Sneeze wrong woth a dip in rent and that Florida home is in the red..nicely done on the salary though, killing it",0
343,So how much does he get after taxes? A house in Orange County is 1 million plus. His parents mustâ€™ve helped him with down payment.   He also wonâ€™t retire at 35 years in California ğŸ˜ğŸ˜ƒ,0
344,"Forget the money and chillax a bit, youâ€™re already more made than 99% of the people in the same age group. Your life has been a nonstop journey of accomplishments thus far. Work on your fitness and get laid is equally important as your financial investments. Get some balance in your life!",0
345,So you work for the Google Maffia?... I'd strongly recommend taking those skills and bringing them somewhere where they will actually do something good for the world.,0
346,Everything was great in this video except for the crypto. Lose the coins and he's golden!,0
347,Profit could be less if you factor in property taxes and maintenance.,0
348,"Authorities and press want to keep it quiet, but anti Asian violence is insane in CA.",0
349,"I hope Ethan has written his Prenup now
So he and his future wife can discuss it now and kive happily ever after later weather thinks work out or not 
Cool video",0
350,Why was this guy trying to convince the viewers that he's a skate boarder when you can blatantly tell this video was the first time he has ever been on one ğŸ¤£ğŸ¤£ğŸ¤£ğŸ¤£,0
351,"Props to Ethan, Khmer pride!",0
352,He is the goal ğŸ¤·ğŸ¾â€â™‚ï¸,0
353,"real estate investing should not be allowed. its partly to blame why we have a real estate crisis today with so few people able to purchase a home. everyone and their cousin with a six figure salary wants to buy up real estate. frankly, its disgusting.",0
354,"I had to shake my head when he casually mentions having kids in his near future. It mentions he plans to start a family by age 26. Good luck with that. You need to find a girlfriend first, and then convince her to marry you and have kids with you. Easier said than done.

Perhaps his ethnic group has arranged marraiges?",0
355,good on him and his parents but dam he should know better than throwing 80k on alt coins,0
356,Happy to see Cambodian-Americans featured! Proud of you Ethan!!,0
357,Love It,0
358,"For someone on 200k a year, he seems very occupied trying to save money.",0
359,says you :),0
360,"Â @phantasqLivingÂ  100%. I realize it's a harsh opinion, but unfortunately there is plenty of truth there.",0
361,is there anyone outside of some autistic person that enjoys coding on a computer or writing software?  purely a well dont money play and not something i know anyone likes doing,0
362,"Â @bigpoppa4094Â  not autistic, donâ€™t like coding per se but like creating things that make me $ and allow me to indulge in great food and travel with gf",0
363,"They gotta strap up, pick up that tool, get that legal carry if their county issues it, their grandparents, older generation getting robbed gotta learn to pull that trigger, cuz back in the 80s and 90s in California when they got heavily picked on, robbed, assaulted, murdered by other races and gangs, quite a bit of the youth in the Asian communities turned into hardcore gang bangers from all that racial hate with full autos shooting up all their enemies. The Koreans in the 90s didnâ€™t defend their stores with just knuckles, they brought out their artillery and their stores were usually the only ones left that werenâ€™t fully burned down and looted in the riots",0
364,in high school you can take AP classes and other classes that count towards general ed requirements in college.  There were math classes in HS that let me skip some college classes.  Plus if you do community college in HS and during college summers you can knock out some units.  It's doable,0
365,Â @chsoulsurferÂ this is so off topic of the originalâ€™s content,0
366,Â @TheGogetassjÂ haha my bad I was replying to someone who asked how he finished in 2 years.  Replied to the wrong person.,0
367,what makes you think he was trying to convince people he's a skate boarder? he was just holding one then got on it.,0
368,"Â @aliali-ce3yfÂ  You are what I call a ""SERIAL EXCUSE MAKER"" ğŸ¤£ğŸ¤£ğŸ¤£ Lets look at comment likes to see who is right and who is wrong. My comment has more likes than yours so it looks like I'm Right and you are WRONG ğŸ˜ğŸ˜ğŸ˜ğŸ˜",0
369,I suspect that this is the first time he has been able to slow down enough to try it. I'm sure his parents wouldn't let him waste time on such frivalties when he was a kid.,0
370,Lol,0
371,lol nah he just knows the value of freedom and financial independence,0
372,And the people making $60k get in debt trying to live their best lives lol,0
373,Didn't you watch the whole video?  His goal is to retire early at 35.  That doesn't require saving?,0
374,He's spending $10k per month. That's a lot.,0
375,"after high california taxes and COL, his actual leftover income is small. in the midwest and south , he'd be living like a boss. in California and NYC, he's firmly middle middle class",0
376,"This is what Alan Harper would look like if he had money. Beige pants, buttoned up shirt, no house decoration, and living to only retire, only thinking about tomorrow.",0
377,I made the same mistakes with altcoins.,0
378,"Heâ€™s doing everything right! Well, almost. The only thing I can think of (nitpicking here) is how much he rents his property in Florida. Heâ€™s only making about $200 a month in profit. He should increase the rent.",0
379,"""I'm very proud of myself"" wow... :|",0
380,Mortgage is high at $4.6k with his salary being $164k (excluding RSUs). Once he has a partner Im sure that will take some pressure off.,0
381,major in computer science is the smartest choice. Less schooling but higher pay,0
382,Good job Ethan ğŸ’°,0
383,Hes killing it execept for the crypto,0
384,How does this man have two houses by the age of 22? Parent's help?,0
385,This is the opposite of the kind of life I want for myself and my family. NO THANK YOU.,0
386,"He comes from a very well-off family... let's not try to sugarcoat it. Good for him, but that's not the average kid... His math ain't matching...how on earth did he save for 2 houses? Plus having other investments? He graduated at 19 so... unless he was making a lot of money since 13 investing, or his parents had helped him. Otherwise, I don't believe that someone at 22 can have investments and 2 houses lol by HIMSELVES without help.",0
387,Is this guy even human? what a beast,0
388,"I see a lot of praise for him, but he lost $80k on crypto and spends over $6k per month on housing (despite having two extra bedrooms in his home he could rent out). He says he saved 90% of his six-figure income but that only amounted to $60k in two years? A lot of this doesn't add up. He seems smart and sensible, but I think his well-spoken manner detracts from some poor financial decision making.",0
389,Are electricity bills in CA really that cheap?,0
390,Dude needs to move homes tho ğŸ‘€,0
391,"$300-400 on take outs per month? And no cooking at home, thatâ€™s just not realistic.",0
392,Was anyone else nervous he wasnt gonna make that backflip?,0
393,wait... this guy has no money left to pay taxes!,0
394,"CS degree in two years, Jesus.",0
395,Lives alone and paying this mortgage? He could have easily rented this house and lived at the cheap house that he is currently renting.,0
396,"4 trips a year, a fast accelerating car, and 3 rooms to himself and any guests he wants -- how does this fit your definition at all",0
397,Exactly! One minor repair and his profit for the year is blown.,0
398,He doesn't NEED to and shouldn't! = Greed is the real problem w/this country!,0
399,The home is a mortgage.,0
400,"he's likely losing money when you factor in insurance, prop taxes, repairs and maintenance, management, etc.",0
401,Nowhere did it say his houses are paid off. He's still paying mortgages monthly on his primary residence and rent is covering the investment property.,0
402,Yeah how can you get your Masters and be working full time by 22?   Hmmm...,0
403,"In some high school where I am from, some kids finish all high school courses by grade 10. They are very clear with their goals and took as many AP classes as possible in high school, so they don't have to do them in college and save money.",0
404,I think he meant that he saved $60k in housing costs by living with family compared to if he had rented for 2 years,0
405,Extremely impressive. Would this be considered near-genius?,0
406,Please check back with him in another year when Google starts cutting jobs..........,0
407,"The investment amount is way too low and housing amount is way too high. The monthly housing percentage should not be more than 25% of the net, but heâ€™s spending over 60% of his net in housing. TF does he need 3 bedrooms and 2 bathrooms when heâ€™s living by himself?? 

Instead of taking ping pong lessons, he needs to take up cooking lessons for his sake of his health (physical and financial).

Finally, how did he graduate from Berkeley in 2 years with a CS degree?? Iâ€™m guessing he took a shitload of AP classes in HSâ€¦ His parents have done him a massive disservice in pressuring him to attend college for only 2 years at the expense of enjoying his college years..",0
408,Oh heâ€™s Cambodian. Good job.,0
409,Every Asian parent after seeing this video to their kid: â€œwhy u not doing this?!â€ ğŸ˜¡,0
410,Is it really hard to live off 194K???,0
411,And I hope he reads this ~ Live in the present dude. You are 22â€¦ doing too much long term planning. Make some friends. Get a girlfriend.,0
412,Investing while you still have credit card debt is not smart.,0
413,Interested to see what Graham has to say ğŸ¤”,0
414,4600 is wild for a mortgage,0
415,22 Jesus Christ killing it is not even the word.,0
416,pretty bright I would never retire even though I could do so now but I also don't work for money,0
417,dude is a great catch for his future wife.,0
418,How he completed undergraduate degree in two years ?,0
419,Read in-between the lines is all I'm seeing. Hope he's well.,0
420,All that money can buy you a gym membership ğŸ‘,0
421,Underpaid. $134k base at Google? Yeah underpaid. Talk to your manager in 18 months mate. Iâ€™m more interested in how his take-home monthly is so high in California. I need to revisit my taxes,0
422,"He's house poor and there is not ""profit"" on his rental after accounting for maintenance. He's doing better than 99.5% of people though.",0
423,"I know this guy, he lives down the street from me. Lol",0
424,I want to meet him.,0
425,"Smart man! He's working hard to escape the rat race. I wish I had thought of that when I was young and applied myself more in my early 20s when I had more energy and time. Nowadays, I'm exhausted after work, cleaning, running errands, and making dinner that all I want to do is lay on the couch all evening... Plus, my back hurts now. ğŸ¥²",0
426,"he states ""it's fine"" but he almost speaks like an AI written article. he seems devoid of any personality",0
427,"Good points. He should be eating out less. And probably spending less on travel, which is definitely in his â€œwantsâ€œ category.",0
428,"Not really, its california, thats normal and sometimes low for us depending on the size of the house (i havent watched the full video), people are paying that amount for one bedroom apartments",0
429,That's the last thing bro needs right now.,0
430,It's doable. I'm not smart and didn't even work that hard in college and did it in 3 years. If you had a lot of AP classes  and really tried it's very doable. I know plenty,0
431,Anyone with a rich family could do this. Nobody with a poor family could do this.,0
432,"thanks, I needed to feel like a failure.",0
433,Having an electric car and your bill is only ~$200!? Naw something is up with that.,0
434,Overachiever! ğŸ˜‚,0
435,Wow I need to go back to school and do whst this kid did,0
436,Close to 7k for rent & utilities? Not so smart on that.,0
437,Lovely ğŸ”¥ğŸ”¥ğŸ”¥ğŸ”¥,0
438,"Lol a software engineer at google, but lost 80k in crypto",0
439,$194k a year in oc will get you a 3 bedroom condo. Maybe.,0
440,Anyone else notice and love the Naruto shirt?,0
441,194k with debt make sense..ğŸ¤£ I didn't finish college I trade full-time & made 7 figures in pandemic thank me later!!ğŸ‘€ğŸ’ªğŸ’¯ğŸ¦,0
442,You gotta change it to Gen Z money soon because he's 22 years old he's not a millennial,0
443,Basically he's making no money on his property. Like when he had fix get the HVAC fixed.,0
444,Didnâ€™t enjoy undergrad at the best university in world and lost $80k on crypto. Too much imbalance my guy.,0
445,Thats the guy your asian parents compare you to ğŸ˜„,0
446,Tell me you have a tiger mom without telling me you have a tiger mom:,0
447,Conclusion: Just born better 4Head,0
448,Wow his Great GrandğŸ˜€ğŸ˜€,0
449,300-400 on food is BS I live in Orange County itâ€™s not cheap,0
450,And here in India age 22  poor boy giving less salary,0
451,"Not necessarily. I went to community college, received max financial aid growing up, father was making ~60k, and I'm now making 210K in tech (also OC) at a big tech in my mid 20's.",0
452,"Yeah I'm 35 in OC with 2 kids, paying $3,100/mo in rent for 3 Bed just 20 minutes further inland than this young stud.",0
453,OC housing is super expensive but at least it's cheaper than the bay area,0
454,Stillâ€¦he lives in OCâ€¦,0
455,"He drives an EV, Iâ€™m done here. ğŸ‘",0
456,$80K lost in crypto!!! Itâ€™s crazy how many people got sucked into the â€œtoo the moonâ€ nonsense.,0
457,OMG THIS GUY WAS AT MY HIGH SCHOOL TJHSST!!!,0
458,Free lunch â€¦ Iâ€™m sold,0
459,sofware engineer 194.000 in 2023 what about in 2053? 30 years later it will be same ?,0
460,No way you name your dog SAKURA,0
461,This guy is the anti-Michael,0
462,â¤,0
463,Don't believe every story you watch/read online folks.,0
464,"Seems like he never had a childhood, or friends, why is a 13yo thinking about money or investments? Kids these days are goint straight to adulthood without any childhood experiance",0
465,plans for living off $100k and hopes for kids. lolâ€¦.,0
466,Cnbc always first for promoting thÃ© system ğŸ˜‚,0
467,How does anyone watch these without wanting to commit seppuku?,0
468,Well he was able to finish degree early but his purchases and monthly fees are not good. He can have save more and achieve Fire early but house mortgage is too high,0
469,The math is a bit weird imo,0
470,Cnbc ğŸ˜ƒ,0
471,doggo!,0
472,Is this kid a robot?,0
473,Bloomberg the Boss who opened new plants in China.,0
474,Heâ€™s only 22 tho. He got the nasty stuff out of the way now heâ€™s balling and still young he can have fun now,0
475,Â @devv11Â  He is definitely the kind of guy with whom girls want to have fun.,0
476,It's called early maturity! He seems very happy & content already and doesn't have any complaints about not having a childhood. I didn't care to; I wanted to focus more on my education and making $$ later. I wish my parents taught me abt early investing!!,0
477,How much time could you possibly spend thinking about money and investing? It only takes up a lot of your time if you have no money ğŸ˜‚,0
478,Nah this dude definitely has no friends. Graduating from Berkeley in 2 years..I doubt he went out a single night.,0
479,Because heâ€™s Cambodian American. His family and the Khmer ppl came from war not even 30 years ago. They donâ€™t take lightly the opportunity you have in America to become something great.,0
480,"planning investments isn't an all day activity.........30 min here and there at most. smh, do you think responsible adults who think about money and investments spend all day doing it? lolğŸ¤¡",0
481,After tax hw much he wud save on base pay ?,0
482,"His ""decor""....",0
483,jGRASP â¤,0
484,70 percent of pay spent on housing...................,0
485,Mans on copium with the crypto.,0
486,Google will not make your life complete,0
487,These numbers don't add up,0
488,"cant believe this guy lost $80k+ on crypto, what a doofus",0
489,These the foos I need to run laps around?,0
490,He's one of the Shiba whale ğŸ‹ğŸ‹ğŸ‹.,0
491,None of these numbers add up,0
492,ZERO sympathy for people who bought into the crypto/NFT hype.,0
493,His house looks empty,0
494,He sounds like if ChatGPT were a person,0
495,more people being born on third base acting like they hit a home run. and all these comments are falling for it.  Become class conscious people.,0
496,Hello Mrs Grace the bitcoin trader is legit and her method works like magic I keep on earning every single week with her new strategy,1
497,gross society is sick,0
498,hoa is such a scam,0
499,"I tuned out and stopped watching this video at the exact point when I learned he lost 80k to crypto and then kept on investing in bitcoin and ethereum. Like, I clearly donâ€™t need to be taking away any â€œtipsâ€ here. ğŸ˜‚",0
